{"cameraMode":{"drawMode":0,"name":"Shaded","section":"Shading Mode"},"sceneLighting":true,"audioPlay":false,"sceneViewState":{"m_AlwaysRefresh":false,"showFog":true,"showSkybox":true,"showFlares":true,"showImageEffects":true,"showParticleSystems":true,"showVisualEffectGraphs":true,"m_FxEnabled":true},"in2DMode":false,"pivot":{"x":-0.4529353678226471,"y":0.8203391432762146,"z":-2.045046329498291},"rotation":{"x":0.002532630693167448,"y":-0.997403621673584,"z":0.04522256925702095,"w":0.05570436269044876},"size":2.370227336883545,"orthographic":false}